Company,Role,Sponsorship,YoE,Time
Capital One,"Manager Software Engineer, iOS",✓,0,Mar 09
Capital One,"Software Engineer, Back End - Senior Associate",✓,2,Mar 09
Oracle,Software Developer,✓,2,Mar 09
Oracle,Site Reliability Developer,✓,2,Mar 09
Oracle,Service Operations Engineer (JoinOCI-Ns2),No,,Mar 09
Samsara,"Software Engineer II, Front-end - Web Platform",✓,2,Mar 09
Snap Inc.,"Software Engineer, Embedded",✓,1,Mar 09
Tesla,"Sensing Software Engineer, Machine Learning",✓,0,Mar 09
Anduril Industries,Systems Engineer,✓,2,Mar 08
Google,"Software Engineer III, Android",✓,2,Mar 08
Google,"Software Engineer III, Infrastructure, Google Cloud Networking",✓,2,Mar 08
Google,"Software Engineer III, Machine Learning, Google Assistant",✓,2,Mar 08
Meta,"Software Engineer, Computer Vision",✓,0,Mar 08
Meta,Enterprise Systems Engineer (University Grad),✓,0,Mar 08
Microsoft,Research Software Engineer,✓,2,Mar 08
Microsoft,Software Engineer,No,0,Mar 08
Netflix,"Software Engineer (L5), iOS Games SDK",✓,0,Mar 08
Netflix,Software Engineer (L5) - Cloud Games Infrastructure,✓,0,Mar 08
Okta,"Software Engineer I, New Grad (2024)",✓,0,Mar 08
Red Hat,Software Engineer - Linux Engineering / Networking,✓,0,Mar 08
Cloudflare,Systems Engineer,✓,0,Mar 08
Capital One,Platform Engineer,✓,2,Mar 08
Oracle,Site Reliability Engineer,✓,2,Mar 08
Capital One,"Software Engineer, Full Stack (JavaScript, ReactJS, AWS)",No,2,Mar 08
Oracle,Applications Developer,No,0,Mar 08
Oracle,Software Development Engineer,No,,Mar 08
Coinbase,"Software Engineer, Backend - Developer",✓,2,Mar 08
Snap Inc.,Systems Engineer,✓,1,Mar 08
Affirm,"Software Engineer I, Backend (Card & Pay Later)",✓,0,Mar 07
Meta,Fundamental Research Scientist - Generative AI,✓,2,Mar 07
IBM,Backend Developer,✓,,Mar 07
Google,"Software Engineer III, Full Stack, Android",✓,2,Mar 07
Google,"Software Engineer III, Platforms Infrastructure Engineering",✓,2,Mar 07
Google,"Software Engineer III, Privacy Sandbox",✓,2,Mar 07
DoorDash,"Software Engineer II, iOS",✓,2,Mar 07
Netflix,"Software Engineer (L5), Privacy Engineering",✓,,Mar 07
ServiceNow,Software Engineer,✓,0,Mar 07
Notion,"Software Engineer, Data Platform",✓,0,Mar 07
Amazon,"Support Engineer - NASC Tech, NASC Tech software engineering",✓,0,Mar 07
Apple,"AIML - Software Engineer  - MLPT, Bolt",✓,0,Mar 06
Apple,Wireless Stability Engineer - WiFi/BT/Thread,✓,0,Mar 06
Autodesk,Automation QA Engineer,✓,2,Mar 06
Coinbase,"Software Engineer, Backend - Consumer",✓,2,Mar 06
Robinhood,Software Development Engineer in Test,✓,0,Mar 06
NVIDIA,GPU System Software Engineer,✓,2,Mar 06
Tesla,"Software Engineer, Document Systems",✓,2,Mar 06
Autodesk,Machine Learning Operations Engineer,✓,0,Mar 06
Electronic Arts (EA),Développeur principal d'operations d'apprentissage automatique/ Machine Learning Operations Developer,✓,0,Mar 06
Scale AI,"Infrastructure Software Engineer, Public Sector",No,0,Mar 06
American Express,GraphQL Software Engineer - Digital Banking,No,0,Mar 06
Cloudflare,"Software Engineer, Browser Isolation",✓,0,Mar 06
American Express,Engineer - Java,✓,2,Mar 06
Oracle,Site Reliability Engineer,No,,Mar 06
Rubrik,Software Engineer (Reports / Dashboards),✓,2,Mar 06
DoorDash,"Software Engineer I, Android (Graduation Date Spring 2022 - Winter 2023)",✓,2,Mar 06
DoorDash,"Software Engineer I, Machine Learning (Graduation Date Spring 2022-Winter 2023)",✓,2,Mar 06
Microsoft,Software Engineer - CTJ - Poly,No,0,Mar 05
IBM,"Software Development Engineer 1, Apptio",No,0,Mar 05
Notion,"Software Engineer, Serving Infrastructure",✓,,Mar 05
Oracle,Site Reliability Developer,No,,Mar 05
DocuSign,Software Engineer,✓,2,Mar 05
Microsoft,Software Engineer II,✓,2,Mar 05
Microsoft,Software Engineer,✓,1,Mar 05
Cloudflare,"Software Engineer, DDoS",✓,0,Mar 05
Cloudflare,Software Engineer - Engineering Platforms/Productivity,✓,0,Mar 05
Unity,XR Input Engineer,✓,0,Mar 05
Adobe,Machine Learning Engineer,✓,0,Mar 05
DoorDash,"Software Engineer I, New Graduate (Graduation Date: Spring 2024-Summer 2024)",✓,2,Mar 05
DoorDash,"Software Engineer I, Backend (Graduation Date Spring 2022-Winter 2023)",✓,2,Mar 05
Amazon,"Support Engineer - NASC Tech, NASC Tech software engineering",✓,0,Mar 05
NVIDIA,Compiler Engineer - Backend,✓,2,Mar 05
NVIDIA,System Software Engineer – Robotics,✓,2,Mar 05
minware,Junior Back End Engineer,✓,0,Mar 04
Google,"Software Engineer III, Engineering Productivity, Google Cloud Platforms",✓,2,Mar 04
Goldman Sachs,"Associate, Software Engineer - CF&O Shared Services (CFOSS)",✓,0,Mar 04
Capital One,"Software Engineer, Full Stack (JavaScript)",No,2,Mar 04
Capital One,"Software Engineer, Full Stack (JavaScript, ReactJS, AWS)",No,2,Mar 04
Google,"Software Engineer III, Embedded Systems/Firmware, Pixel",✓,2,Mar 04
ServiceNow,Software Engineer,✓,2,Mar 04
Netflix,Software Engineer (L4) - TV User Experience,✓,0,Mar 04
Anduril Industries,Embedded Haskell Developer,✓,2,Mar 03
NVIDIA,"Performance Software Engineer, Deep Learning Libraries - New College Graduate",✓,0,Mar 03
Meta,Software Engineer - Language (Technical Leadership),✓,0,Mar 02
Google,"Software Engineer III, Hardware/Software Co-Design",✓,2,Mar 02
Google,"Software Engineer III, Infrastructure, Google Cloud Application Modernization",✓,2,Mar 02
Google,"Software Engineer III, Google Cloud Data Management",✓,2,Mar 02
Google,"Software Engineer III, Infrastructure, Google Cloud Platforms",✓,2,Mar 02
Google,"Software Engineer III, Infrastructure, Chrome",✓,2,Mar 02
IBM,"Software Development Engineer 1, Apptio",✓,0,Mar 02
Meta,"Software Engineer, iOS",✓,2,Mar 02
Google,"Software Engineer III, Mobile (iOS), Fitbit",✓,2,Mar 02
Google,"Software Engineer III, Engineering Productivity, Chrome",✓,2,Mar 02
Palantir Technologies,Software Engineer - Frontend Developer Productivity,✓,2,Mar 02
Netflix,"Software Engineer (L5), Consumer ML Model Serving Systems",✓,0,Mar 02
Amazon,Jr. Software Development Engineer,✓,0,Mar 02
Palantir Technologies,"Software Engineer, New Grad",No,0,Mar 02
SpaceX,Software Engineer (Space Operations),No,2,Mar 02
DoorDash,"Software Engineer II, Backend",✓,2,Mar 02
Microsoft,Software Engineer II,✓,2,Mar 01
Scale AI,Prompt Engineer,✓,0,Mar 01
American Express,Full Stack / Back-end Engineer - Java / Python / Golang,✓,0,Mar 01
Coinbase,"Software Engineer, Backend - Consumer",✓,2,Mar 01
IBM,Full Stack Developer,No,0,Mar 01
Qualcomm,"Software Engineer, Senior",✓,0,Mar 01
DoorDash,"Software Engineer II, Android",✓,2,Mar 01
Google,"Software Engineer III, Google Cloud Platform AI and Industry Solutions",✓,2,Mar 01
IBM,Software Developer,✓,0,Mar 01
DoorDash,"Software Engineer II, iOS",✓,2,Mar 01
Google,"Software Engineer III, Pixel",✓,2,Mar 01
DoorDash,"Software Engineer II, Frontend",✓,2,Mar 01
DoorDash,"Software Engineer I, Backend (Grad Dates: Spring 2022-Winter 2023)",✓,2,Mar 01
Palo Alto Networks,Systems Engineer - Toronto,✓,0,Mar 01
Benchling,"Software Engineer, Full Stack (Studies)",✓,2,Mar 01
Cloudflare,Software Engineer (PKI & Secrets Management),✓,,Mar 01
Coinbase,"Software Engineer, Backend - Platform",✓,2,Mar 01
Tesla,"Software Engineer, Software Automation",✓,0,Mar 01
Apple,Software Automation Engineer,✓,0,Feb 29
SpaceX,Software Engineer (Dragon),No,2,Feb 29
Autodesk,Software Developer,✓,1,Feb 29
Autodesk,Software Engineer - Cloud Service,✓,0,Feb 29
Google,"Software Engineer III, Google Cloud Compute Infrastructure",✓,2,Feb 29
Microsoft,Software Engineer - Azure Storage,✓,1,Feb 29
Palantir Technologies,Backend Software Engineer - Infrastructure,No,0,Feb 29
Google,"Software Engineer III, Engineering Productivity, Core",✓,2,Feb 29
Google,"Software Engineer III, Storage Platforms",✓,2,Feb 29
Microsoft,Software Engineer - Azure High Performance Computing and Artificial Intelligence Software,✓,1,Feb 29
Google,"Software Engineer III, Infrastructure, Core",✓,2,Feb 29
Google,"Software Engineer III, Google Cloud Business Platforms",✓,2,Feb 29
Amazon,"Software Development Engineer, Amazon Business",✓,2,Feb 29
Google,"Software Engineer III, Machine Learning, Core",✓,2,Feb 29
Google,"Software Engineer III, Machine Learning, Fitbit",✓,2,Feb 29
Palantir Technologies,Software Engineer - Apollo Platform,✓,0,Feb 29
Amazon,Software Development Engineer,✓,1,Feb 29
Meta,"Software Engineer, Product",✓,2,Feb 29
Microsoft,Software Engineer,✓,2,Feb 29
Palo Alto Networks,Systems Engineer - Enterprise Browser,No,0,Feb 29
Bank of America,Flutter Software Engineer,✓,2,Feb 29
Oracle,"Software Developer, OCI Infrastructure Delivery Engineering",✓,1,Feb 29
Oracle,Software Engineer - Oracle Cloud Infrastructure,✓,0,Feb 29
Oracle,Applications Developer,No,0,Feb 29
Oracle,Software Developer,No,1,Feb 29
Parallelz,New Grad: AI Software Engineer,✓,0,Feb 28
Parallelz,New Grad: Systems & Graphics Engineer,✓,0,Feb 28
SpaceX,"Software Engineer, Hardware Test & Automation (Starlink)",No,1,Feb 28
IBM,Application Developer: Microsoft Analytics - Western Canada CIC,✓,0,Feb 28
Microsoft,Software Engineer II - People Experiences,✓,2,Feb 28
Microsoft,Software Engineer II,✓,2,Feb 28
Bank of America,Flutter Software Engineer - Merchant Technology,✓,2,Feb 28
Anduril Industries,Software Engineer - Tracking and Fusion,No,0,Feb 28
Goldman Sachs,Software Engineer- Burlington- Associate- Asset & Wealth Management,✓,0,Feb 28
Mastercard,Software Test Engineer,✓,0,Feb 28
Scale AI,"Software Engineer, Strategic Technologies",✓,2,Feb 28
Yahoo,Front-End Software Engineer,No,1,Feb 28
Meta,Software Engineer (University Grad),✓,0,Feb 28
Google,"Software Engineer, Systems and Infrastructure, PhD University Graduate",✓,0,Feb 28
NVIDIA,Backend Compiler Engineer,✓,2,Feb 28
Google,"Software Engineer, Embedded Systems and Firmware, PhD University Graduate",✓,0,Feb 28
Benchling,"Software Engineer, Full Stack (Studies)",✓,2,Feb 27
Amazon,"Software Development Engineer, Amazon Business Catalog Tech",✓,2,Feb 27
Google,"Software Engineer, Embedded Systems, Debug and Trace",✓,2,Feb 27
IBM,Full Stack Developer,✓,2,Feb 27
LinkedIn,AI Engineer,✓,1,Feb 27
Google,"Software Engineer III, Full Stack, Google Cloud Data Management",✓,2,Feb 27
Amazon,"Software Development Engineer, Kindle",✓,2,Feb 27
Qualcomm,Software Integration Engineer - Automotive Software Team,✓,2,Feb 27
Meta,"Software Engineer, Language - Reality Labs",✓,0,Feb 27
Meta,"Software Engineer, Computer Vision",✓,0,Feb 27
Google,"Software Engineer III, Google Workspace",✓,2,Feb 27
Google,"Software Engineer III, Google Assistant",✓,2,Feb 27
Autodesk,Software Developer,✓,1,Feb 27
DocuSign,"Software Engineer, Test",✓,2,Feb 27
DocuSign,"Software Engineer, Front End",✓,2,Feb 27
Coinbase,Software Engineer - Base Support,✓,,Feb 27
Coinbase,"Software Engineer, Backend - Consumer",✓,2,Feb 27
Coinbase,"Software Engineer, Contentful Platform",✓,,Feb 27
Epic,Software Developer,No,0,Feb 26
Epic,Integration Engineer,No,0,Feb 26
Epic,VMware Engineer,No,0,Feb 26
Epic,Windows Engineer,No,0,Feb 26
Microsoft,Software Engineer II,✓,2,Feb 26
Google,"Software Engineer III, Google Cloud Business Platforms",✓,2,Feb 26
PayPal,Software Engineer - Web SDK,✓,0,Feb 26
Oracle,Site Reliability Engineer - SaaS Infrastructure - Oracle Health,No,0,Feb 26
Oracle,Software Engineer,✓,2,Feb 26
Oracle,Software Developer,✓,0,Feb 26
Amazon,Systems Development Engineer,✓,2,Feb 25
ZipRecruiter,Salesforce Developer,✓,2,Feb 25
IBM,Java Developer,✓,0,Feb 25
IBM,Application Developer,✓,0,Feb 25
Veeva Systems,Associate QA Engineer - Consumer Products,✓,0,Feb 25
Amazon,Software Development Engineer | Amazon Delivery Experience,✓,2,Feb 24
Intuit,"Software Engineer II, Customer Data Platform (Mailchimp)",✓,2,Feb 24
Google,"Software Engineer III, Google Cloud NetInfra",✓,2,Feb 24
Google,"Software Engineer III, Machine Learning, Google Cloud Compute Infrastructure",✓,2,Feb 24
Microsoft,Software Engineering: Opportunities for University Graduates- Microsoft AI Development Acceleration Program,✓,0,Feb 24
Microsoft,Software Engineer 2,✓,2,Feb 24
Netflix,Analytics Engineer (L4/5) - Pricing and Forecasting,✓,0,Feb 24
Google,"Software Engineer III, Google Cloud Compute",✓,2,Feb 24
Google,"Software Engineer III, Google Assistant",✓,2,Feb 24
ServiceNow,Software Engineer,✓,0,Feb 24
Google,"Software Engineer III, Pixel",✓,2,Feb 24
PayPal,Software Engineer - Web SDK,✓,,Feb 24
Google,"Software Developer III, Infrastructure, Google Cloud Business Platforms",✓,2,Feb 24
Microsoft,Software Engineer II,✓,2,Feb 24
Microsoft,Software Engineer II - Backend,✓,2,Feb 24
Scale AI,"Software Engineer (Customer Facing), Federal",No,,Feb 24
Cloudflare,Software Engineer - Distributed Systems,✓,0,Feb 24
Oracle,"Software Developer, OCI Infrastructure Delivery Engineering",✓,1,Feb 24
Adobe,Machine Learning Engineer,✓,0,Feb 24
Coinbase,"Software Engineer, Backend - Consumer",✓,2,Feb 24
Intuit,Software Engineer 2 - Must reside in Idaho,✓,2,Feb 24
Tesla,"Electrical & Software Engineer, Low Voltage Software",✓,0,Feb 24
Tesla,"Prognostics Software Engineer, Reliability Engineering",✓,0,Feb 24
Autodesk,Software Development Engineer,✓,2,Feb 23
American Express,Engineer,No,0,Feb 23
Yahoo,"Android Engineer, Yahoo News",✓,0,Feb 23
Capital One,"Software Engineer, Full Stack",No,2,Feb 23
Adobe,Software Development Engineer,✓,0,Feb 23
Wayfair,"Software Engineer, Search and Recommendations",✓,2,Feb 23
SpaceX,"Test Development Engineer, Structures (Starship)",No,1,Feb 23
Google,"Software Engineer III, Google Cloud Platforms",✓,2,Feb 23
Box,"Software Engineer, Observability",✓,2,Feb 23
Microsoft,Software Engineer II - Front End,✓,2,Feb 23
ServiceNow,Full-Stack Software Engineer – JavaScript,✓,0,Feb 23
DoorDash,"Software Engineer, Data Platform (All Levels, All Teams)",✓,2,Feb 23
Microsoft,Software Engineer,✓,1,Feb 23
Cloudflare,Software Engineer - SD-WAN / SASE,✓,,Feb 23
Cloudflare,"Software Engineer (Mid-level) - Zero Trust Client (low-level OS, VPN, networking)",✓,,Feb 23
Coinbase,"Software Engineer, Frontend - Consumer",✓,2,Feb 23
Tesla,"System Integration Engineer, Embedded Vehicle Simulation",✓,0,Feb 23
Tesla,"Controls Software Development Engineer, Chassis Systems",✓,0,Feb 23
Tesla,"Software Test & Validation Engineer, DSP",✓,0,Feb 23
Tesla,"Firmware Engineer, Autopilot Silicon Development",✓,0,Feb 23
Tesla,"Application Integration Engineer, Factory Software",✓,0,Feb 23
Tesla,"Software Engineer, Manufacturing",✓,0,Feb 23
Tesla,"Software Engineer, Recruiting Systems",✓,0,Feb 23
Autodesk,Software Developer,✓,1,Feb 22
Anduril Industries,"Mission Software Engineer, Front-End",No,0,Feb 22
Datadog,Software Engineer - Compliance Engineering,✓,0,Feb 22
American Express,Engineer - Python,No,1,Feb 22
Capital One,"Software Engineer, Full Stack (JavaScript, ReactJS, AWS)",No,2,Feb 22
DoorDash,"Software Engineer II, Android",✓,2,Feb 22
Oracle,Frontend Software Engineer,✓,,Feb 22
Amazon,"Software Development Engineer, Kindle Profiles",✓,2,Feb 22
IBM,Front End Developer,✓,0,Feb 22
Amazon,"Software Development Engineer, Digital Acceleration",✓,2,Feb 22
Amazon,"Software Development Engineer, SageMaker Distributed Training",✓,2,Feb 22
Google,"Software Engineer III, Machine Learning, Google Assistant",✓,2,Feb 22
Google,"Software Engineer III, Full Stack, Google Assistant",✓,2,Feb 22
ServiceNow,Software Engineer,✓,0,Feb 22
Notion,"Software Engineer, Data Platform",✓,0,Feb 22
LinkedIn,"Software Engineer, Systems Infrastructure",✓,1,Feb 22
Microsoft,Software Engineer I,✓,0,Feb 22
Autodesk,"Software Developer, Data Pipelines - Generative AI",✓,2,Feb 22
Google,"Software Developer III, Site Reliability Development, Google Cloud",✓,2,Feb 22
Coinbase,Site Reliability Engineer - Client Platform,✓,2,Feb 22
Tesla,"Software Engineer, Robotic Manipulation, Tesla Bot",✓,0,Feb 22
Apple,Software Engineer - Apple TV App,✓,0,Feb 21
Apple,Software Development Engineer,✓,0,Feb 21
Microsoft,Software Engineer II,✓,2,Feb 21
Zoom,AI Software Engineer,✓,0,Feb 21
Goldman Sachs,Asset & Wealth Management - Software Engineer - Dallas-Associate,✓,0,Feb 21
Microsoft,Software Engineer - CTJ - Poly,No,2,Feb 21
ServiceNow,Machine Learning Engineer,✓,2,Feb 21
Atlassian,Machine Learning Engineer,✓,0,Feb 21
Uber,Software Engineer II (Full Stack),✓,2,Feb 21
Netflix,Software Engineer TVUI (L4) - Consumer Engineering,✓,,Feb 21
Google,"Software Developer III, Machine Learning, Google Cloud Platform AI and Industry Solutions",✓,2,Feb 21
Anduril Industries,Software Engineer - Geospatial,No,0,Feb 21
DoorDash,"Autonomy Engineer, Platform",✓,,Feb 21
Oracle,Software Developer,✓,0,Feb 21
DoorDash,"Software Engineer, Entry-Level - Data Engineering (Graduation Date Spring 2022-Winter 2023)",✓,2,Feb 21
NVIDIA,Performance Engineer - Deep Learning,✓,2,Feb 21
Amazon,Software Development Engineer | Amazon Delivery Experience,✓,2,Feb 20
Robinhood,GRC Applications Engineer,✓,,Feb 20
Facebook,"Software Engineer, Machine Learning",✓,0,Feb 20
Amazon,"Software Development Engineer, ClaireO",✓,,Feb 20
Google,"Observability Software Engineer, Quantum AI",✓,2,Feb 20
IBM,Software Developer,No,0,Feb 20
Qualcomm,"Software Engineer, Machine Learning Group",✓,1,Feb 20
Atlassian,"Full Stack Software Engineer, Jira Align",✓,1,Feb 20
Anduril Industries,"Mission Software Engineer, Front-End",No,0,Feb 20
Benchling,"Software Engineer, Full Stack (Inventory & Registry)",✓,2,Feb 20
Benchling,"Software Engineer, Full Stack (Data Input)",✓,2,Feb 20
Mastercard,"Software Engineer, Priceless Platform",✓,0,Feb 20
Amazon,"Salesforce Developer, Go To Market- Product Tech",✓,,Feb 20
Apple,Software Engineer - Backup & Migration,✓,0,Feb 19
Doordash,"Software Engineer I, New Graduate (Graduation Date: Spring 2024-Summer 2024)",✓,0,Feb 19
Benchling,"Software Engineer, Full Stack (Inventory & Registry)",✓,2,Feb 19
Google,"Software Engineer III, Engineering Productivity, Google Cloud Platforms",✓,2,Feb 19
Zoom,"Software Engineer, Contact Center",✓,0,Feb 19
Google,"Software Engineer III, Google Cloud Compute Infrastructure",✓,2,Feb 19
Microsoft,Software Engineering II,✓,2,Feb 19
Microsoft,Software Engineer II,✓,2,Feb 19
Google,"Software Developer III, Mobile (Android), AR",✓,2,Feb 19
Appian,"Information Security Analyst, Security Operations",✓,0,Feb 18
Salesforce,Marketing Cloud Developer,✓,2,Feb 18
Microsoft,Software Engineer II - CTJ - Poly,No,2,Feb 18
Capital One,Software Engineer,No,2,Feb 18
Amazon,Jr. Software Development Engineer,✓,0,Feb 17
Intuit,Software Engineer 2,✓,2,Feb 17
Google,"Software Engineer III, Embedded Systems/Firmware, Platforms Infrastructure Engineering",✓,2,Feb 17
Palantir Technologies,Full Stack Software Engineer - Application Development,✓,2,Feb 17
Netflix,Security Software Engineer (L4) - IAM,✓,0,Feb 17
IXL Learning,"Front-End Software Engineer, IXL Product",✓,1,Feb 17
Workday,Software Development Engineer,✓,,Feb 17
Zoom,AI Software Engineer,✓,0,Feb 17
Box,"Software Engineer, Search Infrastructure",✓,2,Feb 17
Microsoft,Software Engineer II,✓,2,Feb 17
Amazon,"Software Development Engineer, Digital Acceleration",✓,2,Feb 17
Autodesk,"Software Engineer, AI/ML Platform",✓,2,Feb 17
Amazon,"Software Development Engineer, Digital Royalties & Payments, Digital Acceleration",✓,2,Feb 17
IBM,"Concepteur d'applications, Adobe Commerce",✓,,Feb 17
Anduril Industries,FPGA Software Engineer,✓,2,Feb 17
Cloudflare,Deploy at Scale Engineering,✓,0,Feb 17
Wealthfront,Backend Engineer - Fraud & Risk,✓,2,Feb 17
Oracle,Technical Analyst 1-Support,No,0,Feb 17
Oracle,Software Developer,✓,0,Feb 17
Wayfair,"Site Reliability Engineer, Data Foundations",✓,2,Feb 17
Coinbase,"Software Engineer, Backend - Consumer",✓,2,Feb 17
Coinbase,"Software Engineer, Frontend - Consumer",✓,2,Feb 17
Rubrik,"Software Engineer, Metadata Infrastructure",✓,2,Feb 16
Coinbase,"Software Engineer, Backend - Institutional",✓,2,Feb 16
Meta,Software Engineer (University Grad),✓,0,Feb 16
IBM,Compiler Optimization Developer,✓,2,Feb 16
Scale AI,"Infrastructure Software Engineer, Public Sector",No,0,Feb 16
Cloudflare,IAM Security Engineer,✓,0,Feb 16
Goldman Sachs,Wealth Management -Software Engineer - Dallas-Analyst,✓,2,Feb 16
Cloudflare,Software Engineer - Cloudflare Pages,✓,0,Feb 16
Scale AI,"Software Engineer, Federal",No,0,Feb 16
Capital One,Platform Engineer,✓,2,Feb 16
Intel Corporation,Cloud Software Engineer,✓,2,Feb 16
Capital One,"Software Engineer, Full Stack (JavaScript, ReactJS, AWS)",✓,2,Feb 16
DoorDash,"Software Engineer II, Android",✓,2,Feb 16
Oracle,Test Engineering Software Developer,No,1,Feb 16
Palo Alto Networks,Systems Engineer (Education),✓,0,Feb 15
Mastercard,Ruby on Rails Jr Software Engineer,✓,0,Feb 15
Scale AI,"Software Engineer, Strategic Technologies",✓,2,Feb 15
Goldman Sachs,Software Engineer- Analyst- Asset & Wealth Management- New York,No,0,Feb 15
Coinbase,"Software Engineer, Backend - Developer",✓,2,Feb 15
Acorns,"Software Engineer I, Web",✓,1,Feb 15
Google,"Software Developer III, Machine Learning, Google Cloud Data Management",✓,2,Feb 15
Capital One,Full Stack Engineer - Capital One Software (Remote),No,2,Feb 15
Capital One,Software Engineer,No,2,Feb 15
Adobe,Machine Learning Engineer/ Data Scientist,✓,,Feb 15
Oracle,"Software Developer, OCI Infrastructure Delivery Engineering",✓,1,Feb 15
Coinbase,"Software Engineer, Frontend - Consumer",✓,2,Feb 15
Qualtrics,Support Engineer - Digital Frontline Foundational (DFF),✓,0,Feb 15
Coinbase,"Software Engineer, Infrastructure - Platform",✓,2,Feb 15
Wayfair,"Software Engineer, Storefront, GraphQL Platform",✓,2,Feb 15
Wayfair,"Software Engineer, Web Experience",✓,0,Feb 15
Adobe,"Design Engineer, Full Stack Web",✓,,Feb 14
DoorDash,"Software Engineer I, Frontend (Graduation Date Spring 2022-Winter 2023)",✓,2,Feb 14
Acorns,"Software Engineer I, Web",✓,1,Feb 14
DoorDash,"Software Engineer II, iOS",✓,2,Feb 14
IBM,Java Developer,✓,0,Feb 14
Google,"Software Engineer III, Chrome",✓,2,Feb 14
Autodesk,"Machine Learning Engineer, Autodesk Assistant",✓,0,Feb 14
Cloudflare,"Software Engineer, Browser Isolation",✓,0,Feb 14
Samsara,Software Engineer II - Web Platform,✓,2,Feb 14
Nuro,Software Engineer Perception,✓,0,Feb 14
DoorDash,"Software Engineer I, Machine Learning (Graduation Date Spring 2022-Winter 2023)",✓,2,Feb 14
DoorDash,"Software Engineer I, Android (Graduation Date Spring 2022 - Winter 2023)",✓,2,Feb 14
DoorDash,"Software Engineer I, Front-end (Graduation Date Spring 2022-Winter 2023)",✓,2,Feb 14
Wayfair,"Front End Engineer, Design System",✓,0,Feb 14
NVIDIA,Web Application Software Engineer - New College Grad 2024,✓,0,Feb 13
NVIDIA,Software Engineer - New College Grad 2024,✓,0,Feb 13
Amazon,"Software Development Engineer, Amazon Business, Pricing",✓,2,Feb 13
Amazon,"Software Development Engineer, Personalization",✓,,Feb 13
ServiceNow,"Full-Stack Software Engineer, UX Platform, Builders & Experiences",✓,0,Feb 13
DoorDash,"Software Engineer II, Data Governance Platform",✓,2,Feb 13
Oracle,"Software Developer, OCI Infrastructure Delivery Engineering",✓,1,Feb 13
Oracle,Software Developer - 2 (Join OCI),✓,2,Feb 13
Oracle,Software Development Engineer,✓,0,Feb 13
Coinbase,Developer Advocate,✓,,Feb 13
Microsoft,Software Engineer: Full Time Opportunities- Neurodiversity Hiring Program,✓,0,Feb 13
Microsoft,Software Engineer 2,✓,2,Feb 13
Microsoft,Software Engineer II - Front End,✓,2,Feb 13
DoorDash,"Software Engineer I, New Graduate (Graduation Date: Spring 2024-Summer 2024)",✓,,Feb 13
SAP,Developer Associate,✓,1,Feb 13
ServiceNow,Full-Stack Software Engineer – JavaScript,✓,0,Feb 13
ServiceNow,Software Engineer,✓,0,Feb 13
DoorDash,"Software Engineer I, Backend (Graduation Date Spring 2022-Winter 2023)",✓,2,Feb 13
Atlassian,Software Engineer,✓,0,Feb 13
Microsoft,Software Engineer I,✓,0,Feb 13
LinkedIn,Software Engineer - Applications,✓,2,Feb 13
Amazon,"Software Development Engineer, Middle Mile Transportation Technology",✓,,Feb 13
General Motors,"Android Software Developer, Infotainment (Multimedia)",✓,0,Feb 13
Electronic Arts (EA),Machine Learning Engineer,✓,0,Feb 13
Anduril Industries,Systems Engineer - MBSE - Active Clearance,No,2,Feb 13
Cloudflare,Email Security Detections Developer,✓,0,Feb 13
Yahoo,"Yahoo Fantasy Sports, Fantasy Android Sr. Software Apps Engineer",✓,,Feb 13
American Express,Data Engineer,No,0,Feb 13
Cloudflare,Software Engineer - Engineering Platforms/Productivity,✓,0,Feb 13
Secureframe,Software Engineer,✓,2,Feb 13
Coinbase,"Software Engineer, Frontend - Consumer",✓,0,Feb 13
Wayfair,"Mobile Infrastructure Software Engineer (Android), App Platforms Infra",✓,1,Feb 13
Wayfair,Mobile Infrastructure Software Engineer (iOS) - App Platforms Infra,✓,2,Feb 13
Microsoft,"Software Engineer: Opportunities for University Graduates, CTJ",No,0,Feb 12
Microsoft,"Software Engineer: Opportunities for University Graduates, Redmond",No,0,Feb 12
Microsoft,Software Engineer - Full-Stack - Word,✓,1,Feb 12
Microsoft,Software Engineer II - Platform,✓,2,Feb 12
Microsoft,Software Engineer II – CTJ - Poly,No,2,Feb 12
Google,"Software Engineer III, Google Assistant",✓,2,Feb 12
Microsoft,Software Engineer II-Outlook iOS,✓,2,Feb 12
Microsoft,Research Software Development Engineer,✓,2,Feb 12
Microsoft,Software Engineering II -CTJ - TS,No,2,Feb 12
Microsoft,Software Engineer I/II - Top Secret - CTJ,No,2,Feb 12
Microsoft,Software Engineer 2 - Returners,✓,2,Feb 12
Google,"Software Engineer III, Machine Learning, Google Cloud Compute Infrastructure",✓,2,Feb 12
Microsoft,Software Engineer II - CTJ - Poly,No,2,Feb 12
Microsoft,Software Engineer ll,✓,2,Feb 12
Microsoft,Software Engineering: Full Time Opportunities- Microsoft AI Development Acceleration Program,✓,0,Feb 12
Microsoft,Software Engineering II,✓,2,Feb 12
Microsoft,iOS Engineer,✓,2,Feb 12
General Motors,"Software Engineering, Vehicle Dynamics",✓,1,Feb 12
Microsoft,Ingénieur logiciel / Software Engineer,✓,2,Feb 12
Microsoft,Software Engineer - Infrastructure,✓,2,Feb 12
Microsoft,Software Engineer II,✓,,Feb 12
Microsoft,Software Engineer,✓,1,Feb 12
Microsoft,Software Engineer - Front End,✓,2,Feb 12
Adobe,Machine Learning Engineer,✓,0,Feb 12
AT&T,Technology Development Program,No,0,Feb 11
Oracle,Software Engineer,✓,2,Feb 11
IBM,Back-End Developer,✓,0,Feb 11
Intuit,Software Engineer 2,✓,2,Feb 11
Google,"Software Engineer III, Full Stack, Google Cloud Data Management",✓,2,Feb 10
Meta,"Software Engineer, iOS",✓,2,Feb 10
Meta,Software Engineer - Language (Technical Leadership),✓,,Feb 10
Scale AI,"Software Engineer, Computer Vision Data Engine",✓,0,Feb 10
DraftKings Inc.,Software Engineer - Casino Studio Games,✓,0,Feb 10
Capital One,Software Engineer,✓,2,Feb 10
Wayfair,"iOS Software Engineer, App Shop, Storefront Engineering",✓,2,Feb 10
NVIDIA,"Performance Software Engineer, Deep Learning Libraries - New College Graduate",✓,0,Feb 10
Google,"Software Engineer III, Infrastructure, Chrome",✓,2,Feb 10
Microsoft,Software Engineer II – CTJ - Poly,No,2,Feb 10
Microsoft,Software Engineer II - CTJ - Poly,No,2,Feb 10
Google,"Software Engineer III, Embedded Systems, Pixel",✓,2,Feb 10
IBM,Java Fullstack Developer,✓,0,Feb 10
Google,"Software Engineer III, Project Starline",✓,2,Feb 10
Amazon,Software Development Engineer II,✓,2,Feb 10
Amazon,"Software Development Engineer, QuBIT",✓,1,Feb 10
Microsoft,Software Engineering II,✓,2,Feb 10
Amazon,"Software Development Engineer, GTMC - ACE",✓,2,Feb 10
Oracle,Technical Operations Engineer,No,,Feb 10
Capital One,"Software Engineer, Full Stack",No,2,Feb 10
Asana,"Software Engineer, Product",✓,2,Feb 10
Wayfair,"Android Software Engineer, App Gather, Storefront Engineering",✓,2,Feb 10
Wayfair,"iOS Software Engineer, App Search, Storefront Engineering",✓,2,Feb 10
Wayfair,"Android Software Engineer, App Explore, Storefront Engineering",✓,2,Feb 10
Wayfair,"Android Software Engineer, App Search, Storefront Engineering",✓,2,Feb 10
Amazon,"Software Development Engineer, Kindle",✓,,Feb 09
Hewlett Packard Enterprise,Software Engineering Graduate,✓,0,Feb 09
Microsoft,Software Engineer I,✓,0,Feb 09
Anduril Industries,Embedded Haskell Developer,✓,2,Feb 09
Anduril Industries,Robotics Software Engineer,No,,Feb 09
Anduril Industries,Embedded Software Engineer,✓,2,Feb 09
Cloudflare,Test Automation Engineer (Zero Trust Desktop Clients),✓,0,Feb 09
Benchling,"Software Engineer, Full Stack (App Ecosystem)",✓,1,Feb 09
Meta,"Software Engineer, Machine Learning",✓,2,Feb 09
Meta,"Software Engineer, Infrastructure",✓,2,Feb 09
DoorDash,"Software Engineer II, Frontend",✓,2,Feb 09
DoorDash,"Software Engineer II, Backend",✓,2,Feb 09
Amazon,"System Dev Engineer, Amazon Fulfillment Technology",✓,0,Feb 09
Microsoft,Software Engineer,✓,1,Feb 09
Anduril Industries,"Mission Software Engineer, Electronic Warfare",No,0,Feb 09
Oracle,Site Reliability Engineer - SaaS Infrastructure - Oracle Health,No,0,Feb 09
Rubrik,"Software Engineer, SaaS Data Protection",✓,2,Feb 09
"Reddit, Inc.",Software Engineering Fellow - Howard University (2024),✓,0,Feb 09
Amazon,"Software Developer In Test (SDET) - People Technology, Recruiting Technology",✓,2,Feb 09
NVIDIA,Backend Compiler Engineer,✓,2,Feb 09
Tesla,"Software Support Engineer, Application Engineering",✓,2,Feb 09
Tesla,"Software Engineer, Linux Update Systems",✓,0,Feb 09
Qualcomm,"Verification Engineer, Software",✓,0,Feb 08
Anduril Industries,Electronic Warfare Software Engineer,✓,2,Feb 08
Palo Alto Networks,Systems Engineer - Enterprise Browser,✓,0,Feb 08
"Reddit, Inc.","Engineering Manager, Moderation",✓,,Feb 08
Rubrik,"Software Engineer, Developer Productivity",✓,2,Feb 08
Wayfair,"Software Engineer, Storefront Site Services",✓,2,Feb 08
ServiceNow,Software Quality Engineer,✓,0,Feb 07
DoorDash,"Software Engineer II, Realtime Streaming Platform",✓,2,Feb 07
Microsoft,Software Engineer II,✓,2,Feb 07
Microsoft,Software Engineering II,✓,2,Feb 07
Anduril Industries,"Software Engineer, Device OS",No,0,Feb 07
Cloudflare,Platform Configuration Engineer,✓,0,Feb 07
Cloudflare,Systems Engineer - Gateway,✓,0,Feb 07
Cloudflare,Software Engineer - Network as a Service,✓,0,Feb 07
Capital One,"Software Engineer, Full Stack (JavaScript, ReactJS, AWS)",No,2,Feb 07
Adobe,Machine Learning Engineer /Firefly,✓,0,Feb 07
Capital One,Full Stack Engineer - Capital One Software (Remote),No,2,Feb 07
Capital One,"Software Engineer, Back End",No,2,Feb 07
Intuit,Software Developer 2,✓,2,Feb 07
DoorDash,"Software Engineer, Deploy Platform",✓,2,Feb 07
IBM,Fullstack Developer,✓,0,Feb 07
NVIDIA,Backend Compiler Engineer,✓,2,Feb 07
NVIDIA,System Software Engineer,✓,2,Feb 07
Microsoft,"Software Engineer: Opportunities for University Graduates, Mountain View",✓,0,Feb 06
Meta,Software Engineer (University Grad),✓,,Feb 06
Meta,"Software Engineer, Machine Learning",✓,2,Feb 06
Meta,Software Engineer - Networking,✓,0,Feb 06
Meta,Rotational Software Engineer,✓,2,Feb 06
Meta,Embedded Software Engineer,✓,2,Feb 06
Meta,"Software Engineer, Infrastructure",✓,2,Feb 06
Meta,"Software Engineer, Android",✓,2,Feb 06
IBM,Back-End Developer,✓,0,Feb 06
Goldman Sachs,"Software Engineer, Associate - Core Data Platform (Salt Lake City, UT)",✓,2,Feb 06
Anduril Industries,"Mission Software Engineer, Intelligence Systems",No,0,Feb 06
Anduril Industries,"Robotics Software Engineer, Intelligence Systems",No,0,Feb 06
Goldman Sachs,Software Engineer- Asset & Wealth Management- Associate- New York,✓,0,Feb 06
Capital One,"Platform Engineer, Workday",✓,2,Feb 06
Oracle,Software Developer,✓,2,Feb 06
Intel Corporation,Software Development Engineer,✓,1,Feb 06
Google,"Software Engineer, Embedded Systems and Firmware, PhD University Graduate",✓,0,Feb 06
Google,"Software Engineer, Systems and Infrastructure, PhD University Graduate",✓,0,Feb 06
Atlassian,Full Stack Engineers,✓,,Feb 06
Google,"Software Engineer III, Engineering Productivity, Google Workspace",✓,2,Feb 06
DoorDash,"Software Engineer II, iOS",✓,2,Feb 06
Microsoft,Software Engineer,✓,0,Feb 06
Box,"Software Engineer, Search Infrastructure",✓,2,Feb 06
Box,"Software Engineer, Metadata Infra",✓,2,Feb 05
Google,"Software Engineer, Embedded Systems, Debug and Trace",✓,2,Feb 05
Datadog,Software Engineer - Early Career,✓,0,Feb 05
Tesla,"Product Engineer, Identity",✓,2,Feb 05
Google,"Software Engineer III, Machine Learning, Technology and Society",✓,2,Feb 05
Google,"Software Engineer III, Mobile, Android",✓,2,Feb 05
Amazon,Software Development Engineer,✓,,Feb 05
Cloudflare,Software Engineer - Network as a Service,✓,0,Feb 05
Warner Bros. Discovery,Software Engineer I,✓,0,Feb 04
Salesforce,Salesforce Developer,✓,2,Feb 04
Microsoft,Software Engineer II,✓,2,Feb 04
Tesla,"Data Engineer, Application Engineering",✓,0,Feb 04
DoorDash,"Software Engineer, Android",✓,2,Feb 03
Cloudflare,Software Engineer - SD-WAN / SASE,✓,0,Feb 03
Intel Corporation,LTD RET Software Research Engineer/Scientist,No,0,Feb 03
Capital One,"Software Engineer, Full Stack (JavaScript, ReactJS, AWS)",No,2,Feb 03
Capital One,Software Engineer- People Tech,No,2,Feb 03
Capital One,"Software Engineer, Back End",No,2,Feb 03
Capital One,Software Engineer,No,2,Feb 03
Tesla,"Software Engineer, Low Voltage & Body Controls Automation",✓,0,Feb 03
Google,"Software Engineer III, Machine Learning, Pixel",✓,2,Feb 03
Microsoft,Software Engineer 2,✓,2,Feb 03
Google,"Software Engineer III, Full Stack, Google Cloud Application Modernization",✓,2,Feb 03
Notion,"Software Engineer, Monetization Experience",✓,2,Feb 03
Scale AI,"Forward Deployed Engineer, Public Sector",No,0,Feb 03
Cloudflare,Software Engineer - Linux Networking,✓,0,Feb 03
Cloudflare,Software Engineer - Distributed Systems,✓,0,Feb 03
Samsara,Software Engineer I - Safety Applications,✓,1,Feb 03
DoorDash,"Software Engineer II, iOS",✓,2,Feb 02
Google,"Software Engineer III, Labs",✓,2,Feb 02
Microsoft,Software Engineer - CTJ - Poly,✓,2,Feb 02
Cisco,Développeur senior de logiciels embarqués,✓,,Feb 02
Google,"Software Developer III, Infrastructure, Google Cloud Business Platforms",✓,2,Feb 02
Capital One,"Software Engineer, Full Stack",No,2,Feb 02
Google,"Software Engineer, Silicon Software Product",✓,2,Feb 02
Microsoft,Software Engineer II - CTJ - Poly,✓,2,Feb 02
Amazon,"Software Development Engineer, Digital Acceleration",✓,2,Feb 02
Microsoft,Software Engineer,No,1,Feb 02
Microsoft,Software Engineer II,✓,2,Feb 02
Bank of America,Software Engineer - Enterprise Data Cloud Services,✓,0,Feb 02
Cloudflare,"Software Engineer (Mid-level) - Zero Trust Client (low-level OS, VPN, networking)",✓,,Feb 02
Cloudflare,Software Engineer - Zero Trust Connectivity,✓,0,Feb 02
Mastercard,Software Test Engineer,✓,0,Feb 02
Mastercard,Software Engineer I,✓,0,Feb 02
Oracle,Cloud Database Reliability Engineer,No,,Feb 02
Oracle,Associate Production Software Engineer,No,0,Feb 02
Adobe,Software Development Engineer 2,✓,2,Feb 02
Robinhood,"Application Engineer, Actimize",✓,2,Feb 02
Tesla,"Software Engineer, Vehicle Controls Embedded Platform",✓,0,Feb 02
Tesla,"Software Engineer, Back End, Manufacturing Quality",✓,2,Feb 02
Apple,Interaction Algorithms Engineer,✓,2,Feb 01
SpaceX,Software Engineer (Starshield),✓,2,Feb 01
Cloudflare,Systems Engineer - Bot Management,✓,0,Feb 01
Cloudflare,Software Engineer - Kubernetes,✓,0,Feb 01
Tesla,"Software Engineer, Infotainment Video Games",✓,0,Feb 01
Tesla,"Software Engineer, Vehicle User Interface, Infotainment Software",✓,0,Feb 01
Tesla,"Frontend Software Development Engineer, Customer Engagement",✓,2,Feb 01
IBM,Java Backend Developer,✓,0,Feb 01
Google,"Software Engineer III, Pixel",✓,2,Feb 01
IBM,Java Developer,✓,0,Feb 01
Microsoft,Software Engineer I - CTJ - Poly,No,1,Feb 01
Oracle,Configuration Developer - CPQ,✓,,Feb 01
Samsara,Security Engineer,✓,2,Feb 01
Capital One,Software Engineer- People Tech,✓,2,Feb 01
Capital One,Software Engineer,✓,2,Feb 01
Adobe,Software Development Engineer,✓,0,Feb 01
Intuit,"Software Engineer II, Customer Data Platform (Mailchimp)",✓,2,Feb 01
Apple,Software Development Engineer,✓,2,Jan 31
Snap Inc.,"Software Engineer, Backend, 1+ Years of Experience",✓,,Jan 31
Google,"Software Engineer III, Full Stack, Google Workspace",✓,2,Jan 31
Qualcomm,Embedded System Software Developer,✓,2,Jan 31
Notion,"Software Engineer, Serving Infrastructure",✓,,Jan 31
Amazon,"Software Engineer, Launch Acceleration - Content Experience",✓,2,Jan 31
Amazon,"Software Dev. Engineer, Digital Acceleration, Launch Acceleration",✓,2,Jan 31
Notion,"Software Engineer, Data Platform",✓,0,Jan 31
Anduril Industries,"Mission Software Engineer, Electronic Warfare",No,0,Jan 31
Palo Alto Networks,"Systems Engineer, Enterprise - Toronto",✓,0,Jan 31
Coinbase,Site Reliability Engineer - Client Platform,✓,2,Jan 31
Coinbase,"Software Engineer - Backend, Enterprise Applications",✓,,Jan 31
Wayfair,"Software Engineer, Storefront Experience",✓,0,Jan 31
Wayfair,"Software Engineer, Storefront Platform",✓,0,Jan 31
Wayfair,"Software Engineer, Storefront",✓,2,Jan 31
Google,"Software Engineer III, Engineering Productivity, Google Cloud Platforms",✓,2,Jan 31
DoorDash,"Software Engineer II, iOS",✓,2,Jan 31
Amazon,"Front End Engineer, Amazon Legal Technologies",✓,2,Jan 31
Cloudflare,Software Engineer - Network Services,✓,0,Jan 31
Cloudflare,Software Engineer - Zero Trust Connectivity,✓,0,Jan 31
Mastercard,Software Engineer,✓,0,Jan 31
Coinbase,"Software Engineer, Backend - Consumer",✓,2,Jan 31
DoorDash,"Software Engineer II, Android",✓,2,Jan 30
Notion,"Software Engineer, Cloud Infrastructure",✓,0,Jan 30
LinkedIn,Software Engineer - iOS,✓,,Jan 30
Netflix,Data Engineer (L4) - Content,✓,0,Jan 30
Qualcomm,AI/Machine Learning Engineer - Autonomous Driving,✓,0,Jan 30
Qualcomm,Linux Video Software Engineer,✓,,Jan 30
Capital One,Software Engineer- People Tech,No,2,Jan 30
Capital One,Software Engineer,No,2,Jan 30
Robinhood,Systems Developer,✓,0,Jan 30
Microsoft,Software Engineer II - CTJ - Poly,No,2,Jan 30
Hewlett Packard Enterprise,Software Engineer - Cloud,✓,0,Jan 30
Microsoft,Software Engineer - CTJ - Top Secret,No,0,Jan 30
Microsoft,Software Engineer II,✓,2,Jan 30
Netflix,"Software Engineer (L5), Testing Frameworks & Tooling Integrations",✓,0,Jan 30
Microsoft,Software Engineer,✓,2,Jan 30
ServiceNow,Software Engineer,✓,0,Jan 30
Qualcomm,Embedded Software Engineer (Senior level and up) - Automotive Display,✓,2,Jan 30
Atlassian,"Full Stack Software Engineer, Jira Align",✓,,Jan 30
Oracle,Technical Support Engineer,No,,Jan 30
Oracle,Test Engineering Software Developer,No,1,Jan 30
Tesla,"Software Engineer, Diagnostics",✓,2,Jan 30
Microsoft,"Software Engineer: Opportunities for University Graduates, Vancouver, BC",✓,0,Jan 29
Scale AI,"Software Engineer, EGP",✓,2,Jan 28
DoorDash,"Software Engineer II, iOS",✓,2,Jan 28
Capital One,Software Engineer- People Tech,No,2,Jan 27
Capital One,Software Engineer,No,2,Jan 27
Adobe,Software Frontend Development Engineer- TypeScript,✓,0,Jan 27
Robinhood,"Software Engineer, Load and Fault",✓,0,Jan 27
Tesla,"Software Integration Engineer, Factory Software",✓,0,Jan 27
ServiceNow,Software Engineer - Federal,No,0,Jan 27
Amazon,"Jr. Software Dev Engineer, Selling Partner Engagement",✓,0,Jan 27
Amazon,"Software Development Engineer, VIKA",✓,,Jan 27
ServiceNow,Assoc Software Engineer,✓,0,Jan 27
Salesforce,Software Engineering AMTS (New Grad),✓,2,Jan 27
Microsoft,Software Engineer,✓,1,Jan 27
Amazon,"Software Development Engineer, Kindle Unlimited - Early Life",✓,,Jan 27
Amazon,Jr. Software Development Engineer,✓,0,Jan 27
Google,"Développeur logiciel principal, Infrastructure, Réseautage Google Cloud",✓,,Jan 27
Amazon,"Software Development Engineer, Customer Experience & Business Trends",✓,,Jan 27
Amazon,"Software Development Engineer, Digital Royalties & Payments, Digital Acceleration",✓,2,Jan 27
Amazon,"Software Development Engineer, Digital Acceleration",✓,2,Jan 27
Yahoo,Fullstack Software Engineer,✓,0,Jan 27
Yahoo,iOS Engineer - Yahoo! Sports,✓,2,Jan 27
Tesla,"Software Engineer, EHS Application",✓,0,Jan 27
Workday,Software Development Engineer III (Site Reliability),✓,2,Jan 26
Atlassian,Front End Software Engineer (P30),✓,2,Jan 26
Google,"Software Engineer III, Engineering Productivity, Google Cloud Platforms",✓,2,Jan 26
IBM,Software Developer,✓,0,Jan 26
Microsoft,Software Engineer II,✓,2,Jan 26
Amazon,"Software Development Engineer, Amazon Kids",✓,2,Jan 26
Amazon,"Front-End Engineer, Amazon Kids",✓,2,Jan 26
Intuit,"Software Engineer II, Customer Data Platform (Mailchimp)",✓,2,Jan 26
Wealthfront,iOS Engineer,✓,2,Jan 26
Scale AI,"Software Engineer, Federal",No,0,Jan 26
Samsara,Embedded Software Engineer - Telematics,✓,2,Jan 26
Capital One,"Platform Engineer, Workday",No,2,Jan 26
Tesla,"Frontend Engineer, Financial Services",✓,0,Jan 26
Salesforce,"AMTS Software Engineer, BT",✓,0,Jan 25
Salesforce,Software Engineering AMTS (New Grad),✓,2,Jan 25
ServiceNow,Software Engineer,✓,0,Jan 25
Microsoft,Software Engineer,✓,1,Jan 25
LinkedIn,"Software Engineer, Tools",✓,1,Jan 25
Goldman Sachs,"Software Engineer, Associate - Cloud & Consumer Analytics (Dallas, TX)",✓,2,Jan 25
SpaceX,Backend Software Engineer (Starlink),✓,1,Jan 25
Coinbase,"Software Engineer, Frontend - Consumer",✓,2,Jan 25
Scale AI/RemoTasks,QA Engineer - Contract Role ($55/hr),✓,0,Jan 24
SpaceX,Customer Network Integration Engineer (Starlink),No,0,Jan 24
Oracle,Software Engineer- Full Time - OCI & Cloud Platforms,✓,0,Jan 24
Microsoft,Software Engineering - CTJ - Top Secret,No,0,Jan 24
Amazon,"Software Development Engineer, Sponsored TV",✓,,Jan 24
ServiceNow,Software Engineer - Federal,No,0,Jan 24
Expedia Group,Software Development Engineer II,✓,2,Jan 24
Intuit,Software Engineer 2,✓,2,Jan 24
NVIDIA,System Software Engineer - GPU,✓,2,Jan 24
Tesla,"Frontend Engineer, Financial Services",✓,0,Jan 24
Tesla,"Backend Software Engineer, Digital Experience Core Services",✓,0,Jan 24
Autodesk,Automation QA Engineer,✓,0,Jan 24
Autodesk,Software Engineer - Cloud Service,✓,0,Jan 24
Autodesk,"Software Engineer, Install",✓,0,Jan 24
Splunk,Software Engineer (REMOTE Greater Toronto Area),✓,2,Jan 24
Microsoft,Software Engineer - Infrastructure,✓,2,Jan 24
Google,"Software Developer III, Google Cloud Platforms",✓,2,Jan 24
American Express,Data Engineer,No,,Jan 24
Goldman Sachs,Asset & Wealth Management - Software Engineer - Dallas - Associate,✓,0,Jan 24
Cloudflare,"Software Engineer, Browser Isolation",✓,0,Jan 24
Yahoo,Fullstack Software Engineer,✓,0,Jan 24
Adobe,Machine Learning Engineer/ Data Scientist,✓,,Jan 24
Yelp,Junior Machine Learning Engineer (Multiloc Intelligence) (Remote - Ireland),✓,0,Jan 24
IBM,Associate Developer (Entry Level): Toronto/Calgary/Ottawa,✓,0,Jan 23
Microsoft,Software Engineer - CTJ - Poly,No,0,Jan 23
Cisco,Software Engineer | Oracle Financials,✓,,Jan 23
Palo Alto Networks,Systems Engineer - Strategics,✓,0,Jan 23
Palo Alto Networks,Software Engineer in Test (Cloud Security Services),✓,,Jan 23
Yahoo,Yahoo Fantasy Sports Android Engineer,✓,0,Jan 23
Mastercard,"Software Engineer, Priceless Platform",✓,0,Jan 23
Microsoft,Software Engineer II - CTJ - Poly,✓,2,Jan 23
Uber,Software Engineer II - Machine Learning,✓,2,Jan 23
Microsoft,Software Engineer II,✓,2,Jan 23
DoorDash,"Software Engineer II, iOS",✓,2,Jan 23
DoorDash,"Software Engineer II, Data Governance Platform",✓,2,Jan 23
Google,"Software Engineer III, Infrastructure, Chrome",✓,2,Jan 23
DoorDash,Machine Learning Engineer - New Verticals,✓,2,Jan 23
Netflix,Software Engineer L4/L5 for Machine Learning,✓,2,Jan 23
Autodesk,Machine Learning Operations Engineer,✓,0,Jan 23
Uber,Software Engineer II (Data Engineering),✓,2,Jan 23
Oracle,User Experience Developer,No,,Jan 23
Coinbase,"Software Engineer, Backend - Consumer",✓,0,Jan 23
Coinbase,"Software Engineer, Frontend - Consumer",✓,0,Jan 23
Tesla,"C++ Simulation Software Engineer, Battery Management Systems",✓,2,Jan 23
Box,"Software Engineer, Observability",✓,2,Jan 22
Google,"Software Engineer III, Infrastructure, Google Cloud Platforms",✓,2,Jan 22
LinkedIn,Software Engineer - Frontend,✓,1,Jan 22
Oracle,"Software Developer, OCI Infrastructure Delivery Engineering",✓,1,Jan 22
Affirm,"Software Engineer I, Backend (Capital Risk)",✓,0,Jan 22
Amazon,"Systems Development Engineer - Tools and Services, Device OS",✓,2,Jan 22
Atlassian,Machine Learning Engineer,✓,0,Jan 22
Scale AI,"Software Engineer, Federal",No,0,Jan 22
Amazon,"Software Development Engineer - Amazon Devices, Devices Supply Chain Technologies",✓,,Jan 21
Amazon,"Software Development Engineer, Digital Royalties & Payments, Digital Acceleration",✓,2,Jan 21
Amazon,"Software Development Engineer, Digital Acceleration",✓,2,Jan 21
Snorkel AI,Software Engineer - Recent University Graduate,✓,0,Jan 20
Microsoft,Software Engineer ll,✓,2,Jan 20
Google,"Software Engineer III, Embedded Systems/Firmware, Platforms Infrastructure Engineering",✓,2,Jan 20
Google,"Software Engineer III, Google Cloud NetInfra",✓,2,Jan 20
Capital One,"Software Engineer, Full Stack",✓,2,Jan 20
Google,"Software Engineer III, Embedded Systems/Firmware, Pixel",✓,2,Jan 20
IBM,Fullstack Software Developer,✓,0,Jan 20
Google,"Embedded Software Engineer, Connectivity, Devices and Services",✓,2,Jan 20
Qualcomm,"Graphics Software Engineer, Senior",✓,2,Jan 20
Microsoft,Software Engineer - Storage,✓,0,Jan 20
Qualcomm,Graphics Software Engineer,No,1,Jan 20
IBM,Application Developer - Full Stack,✓,0,Jan 20
Microsoft,Software Engineer II,✓,2,Jan 20
Goldman Sachs,"Java Software Engineer, Associate - Client Assets Engineering (Dallas, TX)",✓,2,Jan 20
DraftKings Inc.,"Software Engineer, Android",✓,1,Jan 20
Bank of America,"Software Engineer I - Charlotte, NC",No,0,Jan 20
DocuSign,Software Engineer,✓,2,Jan 20
Qualtrics,Software Engineer I - Survey Definition Platform,No,0,Jan 20
NVIDIA,"Performance Software Engineer, Deep Learning Libraries - New College Graduate",✓,0,Jan 20
Tesla,"Software Engineer, Energy Products",✓,0,Jan 20
Amazon,"Software Development Engineer, Kindle Unlimited - Early Life",✓,,Jan 19
DraftKings Inc.,Site Reliability Engineer,✓,0,Jan 19
Instacart,Software Engineer: Machine Learning Foundations,✓,0,Jan 19
Intuit,Software Engineer 2,✓,2,Jan 19
Salesforce,Software Engineering AMTS (New Grad),✓,2,Jan 19
Google,"Software Engineer, Embedded Systems, Google Home Nest",✓,1,Jan 19
IBM,Software Developer,✓,0,Jan 19
Electronic Arts (EA),Software Engineer,✓,2,Jan 19
Microsoft,Software Engineer,✓,2,Jan 19
Microsoft,Software Engineer I,✓,1,Jan 19
ServiceNow,Assoc Software Engineer,✓,0,Jan 19
DoorDash,"Software Engineer II, Frontend",✓,2,Jan 19
DoorDash,"Software Engineer II, Backend",✓,2,Jan 19
Oracle,Hardware Engineer - Oracle Cloud Infrastructure (OCI),✓,0,Jan 19
Adobe,Software Development Engineer,✓,0,Jan 19
Amazon,"Software Development Engineer, Amazon",✓,1,Jan 18
Netflix,"Software Engineer (L5), TV UI",✓,0,Jan 18
Tesla,"Application Support Engineer, Factory Software",✓,2,Jan 18
Tesla,"Software Engineer, Factory Software",✓,0,Jan 18
Autodesk,Software QA Test Engineer (Remote Mexico),✓,2,Jan 18
IXL Learning,"Software Engineer, New Grad",✓,0,Jan 18
Wealthfront,Web Engineer,✓,2,Jan 18
Capital One,Platform Engineer- Workday,✓,2,Jan 18
Capital One,"Platform Engineer, Workday",✓,2,Jan 18
Palantir Technologies,"Software Engineer, New Grad",✓,0,Jan 17
Splunk,"Software Engineer, Frontend, Cloud License Reporting",✓,0,Jan 17
Meta,Embedded Software Engineer,✓,2,Jan 17
Google,"Software Engineer III, Front End, Google Cloud Application Modernization",✓,2,Jan 17
IBM,Full Stack Engineer - IBM Federal,No,0,Jan 17
Netflix,Software Developer In Test (L5) - iOS Player,✓,,Jan 17
DoorDash,"Software Engineer II, Realtime Streaming Platform",✓,2,Jan 17
Microsoft,Software Engineer 2,✓,2,Jan 17
DoorDash,"Software Engineer, Deploy Platform",✓,2,Jan 17
Veeva Systems,Software Engineer - Full Stack,✓,2,Jan 17
Cloudflare,Platform Configuration Engineer,✓,0,Jan 17
Anduril Industries,"Mission Software Engineer, Front-End",No,0,Jan 17
Cloudflare,"Software Engineer, TaS",✓,0,Jan 17
Cloudflare,Test Automation Engineer (Zero Trust Desktop Clients),✓,0,Jan 17
Oracle,User Experience Developer 4-ProdDev,✓,,Jan 17
Oracle,Software Developer,✓,,Jan 17
Wise,Graduate Software Engineer,No,0,Jan 16
Google,"Software Engineer III, Infrastructure, Google Cloud Storage",✓,2,Jan 16
Amazon,"Software Development Engineer, Device Analytics",✓,,Jan 16
Google,"Software Engineer III, Core",✓,2,Jan 16
Microsoft,Software Engineer I,✓,0,Jan 16
Wayfair,"Site Reliability Engineer, Database Technology",✓,0,Jan 16
Meta,"Software Engineer - AR, VR, MR (Leadership)",✓,0,Jan 16
Hewlett Packard Enterprise,Cloud Developer,✓,2,Jan 16
IBM,Fullstack Software Developer,No,0,Jan 16
Microsoft,Software Engineering II,✓,2,Jan 16
Microsoft,Software Engineer,✓,2,Jan 16
Appian,Technology Strategy Engineer,✓,0,Jan 15
Appian,Associate Solution Engineer,✓,0,Jan 15
Snap,Software Engineer - Snap Up Apprentice,✓,0,Jan 15
Google,"Développeur logiciel principal, Infrastructure, Réseautage Google Cloud",✓,0,Jan 15
Anduril Industries,"Mission Software Engineer, Intelligence Systems",No,0,Jan 15
Anduril Industries,"Flight Software Engineer, Embedded C",No,0,Jan 15
Anduril Industries,Robotics Software Engineer,✓,0,Jan 15
Anduril Industries,"C++ Software Engineer - Systems and Build, Imaging",✓,0,Jan 15
Anduril Industries,Software Reliability Engineer,✓,0,Jan 15
Anduril Industries,"Robotics Software Engineer, Intelligence Systems",✓,0,Jan 15
Anduril Industries,"Mission Software Engineering, Front-End (Counter Intrusion)",✓,0,Jan 15
Anduril Industries,Software Engineer - Compute Platform,No,0,Jan 15
Anduril Industries,Mission Software Engineer,✓,2,Jan 15
Anduril Industries,Electronic Warfare Software Engineer,✓,2,Jan 15
Anduril Industries,"Mission Software Engineer, Hardware Integration",✓,0,Jan 15
Wayfair,"Software Engineer, Search and Recommendations",✓,2,Jan 15
Amazon,Email Systems Development Engineer - Kuiper Productivity Applications,No,,Jan 15
Meta,"Software Engineer, Systems ML - Frameworks / Compilers / Kernels",✓,0,Jan 14
Meta,Software Engineer (Technical Leadership) - Machine Learning,✓,,Jan 14
DoorDash,"Software Engineer, Cloud",✓,2,Jan 14
Capital One,"Software Engineer, Full Stack",✓,2,Jan 14
Meta,"Software Engineer, OS Frameworks - Reality Labs",✓,2,Jan 14
IBM,AI Engineer - Watson X,✓,0,Jan 14
Qualcomm,Linux Video Software Engineer,No,1,Jan 13
DoorDash,"Software Engineer, iOS",✓,2,Jan 13
IBM,Back-End Developer,✓,0,Jan 13
Goldman Sachs,Client Onboarding Engineering - Analyst Level Software Engineer - Salt Lake City,✓,0,Jan 13
Oracle,Site Reliability Developer,No,0,Jan 13
Oracle,Software Engineer,✓,2,Jan 13
GitLab,"Frontend Engineer, Plan: Product Planning (Intermediate/Vue)",✓,0,Jan 13
Microsoft,Full-Stack Software Engineer,✓,0,Jan 12
Google,"Software Engineer, Silicon Software Product",✓,2,Jan 12
Atlassian,Frontend Software Engineer,✓,2,Jan 12
Amazon,Front End Engineer,✓,2,Jan 12
Meta,Software Engineer (University Grad),✓,0,Jan 12
IBM,Full Stack Developer,✓,0,Jan 12
PayPal,Software Engineer - Recent Graduate,✓,0,Jan 12
Oracle,Associate Production Software Engineer,No,0,Jan 12
Adobe,Software Development Engineer,✓,2,Jan 12
Akamai,Associate Security Architect,✓,0,Jan 11
Google,"Software Engineer III, Infrastructure, Google Cloud Application Modernization",✓,2,Jan 11
Meta,"Software Engineer, Systems ML - Frameworks / Compilers / Kernels",✓,0,Jan 11
ServiceNow,Software Quality Engineer,✓,0,Jan 11
Google,"Software Engineer III, Embedded Systems/Firmware, Wear OS",✓,2,Jan 11
Microsoft,Software Engineer II - CTJ - Poly,✓,2,Jan 11
Circle,Software Engineer II,✓,2,Jan 11
Goldman Sachs,Risk-Dallas-Software Engineering,✓,1,Jan 11
Oracle,Production Software Engineer,No,,Jan 11
Google,"Software Engineer III, Google Workspace",✓,2,Jan 11
Microsoft,Software Engineer I - CTJ - Poly,No,0,Jan 11
Google,"Software Engineer III, Pixel",✓,2,Jan 11
Microsoft,Software Engineer,✓,2,Jan 11
IBM,Backend Developer - Database Security,✓,0,Jan 11
Cloudflare,Software Engineer - Kubernetes,✓,0,Jan 11
Bank of America,Software Engineer I,✓,0,Jan 11
Wayfair,"Software Engineer, Events Exchange",✓,2,Jan 11
Zillow,Software Development Engineer,✓,0,Jan 11
Palantir Technologies,"Forward Deployed Software Engineer, Internship - US Government",No,0,Jan 10
Microsoft,Software Engineer II,✓,2,Jan 10
IBM,"Full-Stack, Developer - Software Development Engineer",✓,0,Jan 10
ServiceNow,Software Engineer - Full Stack,✓,2,Jan 10
Workday,Software Development Engineer - App Hub,✓,2,Jan 10
Salesforce,Software Engineer,✓,2,Jan 10
Okta,"Software Engineer II - IAM, Login (Customer Identity)",✓,2,Jan 10
IBM,Backend Developer,✓,2,Jan 10
Veeva Systems,Software Engineer - Full Stack,✓,2,Jan 10
Amazon,"Software Development Engineer, Digital Acceleration",✓,2,Jan 10
Coinbase,"Software Engineer - Backend, Enterprise Applications",✓,0,Jan 10
Electronic Arts (EA),Software Engineer - Systems Test,✓,2,Jan 09
Coinbase,"Software Engineer, Backend - Consumer",✓,2,Jan 09
Google,"Software Engineer III, Infrastructure, Google Cloud Storage",✓,2,Jan 09
Google,"Software Engineer III, Commerce",✓,2,Jan 09
Google,"Software Engineer III, Project Starline",✓,2,Jan 09
IBM,Software Developer,✓,0,Jan 09
Meta,"Software Engineer, Infrastructure",✓,2,Jan 09
Uber,Software Engineer II,✓,2,Jan 09
Oracle,Site Reliability Engineer,No,0,Jan 09
Oracle,Software Developer,✓,,Jan 09
Tesla,"Fullstack Engineer, Applications Engineering",✓,0,Jan 09
Tesla,"Frontend Software Engineer, Digital Experience",✓,2,Jan 09
Microsoft,Software Engineer II - CTJ - Poly,No,2,Jan 08
Hewlett Packard Enterprise,Systems Software Engineer,✓,0,Jan 08
Microsoft,Software Engineer - CTJ - Top Secret,No,2,Jan 08
Microsoft,Software Engineer II,✓,2,Jan 08
ServiceNow,Software Engineer,✓,0,Jan 08
Microsoft,Software Engineer,✓,0,Jan 08
Mastercard,Machine Learning Engineer,✓,0,Jan 08
IBM,Software Developer,✓,0,Jan 07
Microsoft,Software Engineer (Full Stack),✓,2,Jan 07
Scale AI,"Software Engineer, EGP",✓,2,Jan 07
Amazon,"Jr. Software Dev Engineer, Selling Partner Engagement",✓,0,Jan 06
Goldman Sachs,Full-Stack Software Engineer - Prime Services Risk Technology - Global Banking & Markets - NYC,✓,0,Jan 06
Intuit,"Software Engineer II, Customer Data Platform (Mailchimp)",✓,2,Jan 06
Microsoft,Data Software Engineer II,✓,2,Jan 06
Microsoft,Software Engineering II,✓,2,Jan 06
Google,"Software Engineer III, Mobile, Android Auto",✓,2,Jan 06
Microsoft,Software Engineer II,✓,2,Jan 06
Salesforce,"Software Engineer, Identity",No,0,Jan 06
Google,"Software Engineer III, Machine Learning, Search",✓,2,Jan 06
IBM,Front-End Developer,✓,0,Jan 06
Box,"Software Engineer, Search Infrastructure",✓,2,Jan 06
ServiceNow,Software Engineer- Full Stack (Frontend Focus),✓,2,Jan 06
Amazon,Jr. Software Development Engineer,✓,,Jan 06
Microsoft,Software Engineer,No,1,Jan 06
Palantir Technologies,"Software Engineer, New Grad",✓,0,Jan 06
Meta,Rotational Software Engineer,✓,2,Jan 06
Adobe,Site Reliability Engineer,✓,0,Jan 06
Samsara,Software Engineer I,✓,1,Jan 06
Adobe,Software Frontend Development Engineer- TypeScript,✓,0,Jan 05
Hewlett Packard Enterprise,Systems Software Engineer,✓,,Jan 05
Microsoft,Software Engineer II - CTJ - Poly,No,2,Jan 05
Meta,"Software Engineer, Android",✓,2,Jan 05
Meta,"Software Engineer, Infrastructure | Ingénieur(e) logiciel, Infrastructure",✓,2,Jan 05
Google,"Software Engineer III, Google Cloud Platforms",✓,2,Jan 05
Capital One,"Platform Engineer, Workday",No,2,Jan 05
Oracle,Software Developer,✓,1,Jan 05
Instacart,Machine Learning Engineer,✓,0,Jan 05
DataDog,Software Engineer - Early Career,✓,0,Jan 04
Google,"Software Engineer III, Infrastructure, Google Cloud Storage",✓,2,Jan 04
Microsoft,Software Engineer - Backend,✓,2,Jan 04
Intel Corporation,AI Software Development Engineer,✓,0,Jan 04
DocuSign,"Software Engineer, Full-Stack (Growth Team)",✓,2,Jan 04
Google,"Software Engineer III, Google Cloud Compute Infrastructure",✓,2,Jan 04
Microsoft,Software Engineer II (Front-End) - Viva Engage,✓,2,Jan 04
Amazon,"Software Dev Engineer - Sponsored Television Ads, Amazon, Gaming and OTT Ads",✓,2,Jan 04
IBM,Software Developer,✓,0,Jan 04
Microsoft,Software Engineer II,✓,2,Jan 04
Microsoft,Software Engineer,✓,0,Jan 04
Goldman Sachs,"Software Engineer, Associate - Client Data Engineering (Dallas, TX)",✓,2,Jan 04
Goldman Sachs,"Software Engineer, Associate - Core Data Platform (Dallas, TX)",✓,2,Jan 04
Goldman Sachs,"Software Engineer, Associate - Core Data Platform (New York, NY)",✓,2,Jan 04
Wayfair,"Site Reliability Engineer, Database Technology",✓,0,Jan 04
PayPal,Software Engineer - Recent Graduate,✓,0,Jan 03
Microsoft,Software Engineer - AI Compilers,✓,2,Jan 03
Splunk,Software Engineer (REMOTE Greater Toronto Area),✓,2,Jan 03
Google,"Software Engineer III, Engineering Productivity, AR",✓,2,Jan 03
Google,"Software Engineer III, Infrastructure, Google Cloud Compute",✓,2,Jan 03
IBM,Back-End Developer,✓,0,Jan 03
DoorDash,"Software Engineer, Web Infrastructure",✓,2,Jan 03
Google,"Software Engineer, Embedded Systems, Debug and Trace",✓,2,Jan 03
Cloudflare,Systems Engineer - Alerting,✓,0,Jan 03
